loom.alg,clojure.core
loom.test.flow,loom.alg
loom.test.graph,clojure.data
loom.test.derived,loom.derived
loom.test.graph,loom.graph
loom.alg-generic,clojure.core
loom.test.derived,clojure.data
loom.gen,clojure.core
loom.test.graph,loom.attr
loom.test.derived,clojure.core
loom.test.derived,clojure.test
loom.io,clojure.java.shell
loom.alg,clojure.data.priority-map
loom.test.graph,clojure.core
loom.test.attr,clojure.test
loom.test.alg,clojure.test
loom.test.alg-generic,clojure.set
loom.alg,loom.alg-generic
loom.test.label,clojure.test
loom.test.attr,clojure.data
loom.derived,clojure.set
loom.test.alg-generic,clojure.test.check.generators
loom.test.alg-generic,loom.alg-generic
loom.test.label,clojure.core
loom.gen,loom.graph
loom.io,loom.graph
loom.test.alg,loom.alg
loom.test.attr,loom.attr
loom.label,clojure.core
loom.dataflow,loom.graph
loom.graph,clojure.core
loom.test.alg,loom.derived
loom.test.derived,loom.alg
loom.io,loom.alg
loom.test.alg-generic,clojure.core
loom.alg,loom.graph
loom.io,clojure.string
loom.test.flow,clojure.test
loom.test.alg-generic,loom.graph
loom.io,clojure.core
loom.label,loom.attr
loom.flow,clojure.core
loom.dataflow,clojure.core
loom.alg,clojure.set
loom.test.flow,loom.flow
loom.graph,loom.alg-generic
loom.test.alg-generic,clojure.test
loom.label,loom.graph
loom.test.label,clojure.data
loom.test.attr,loom.graph
loom.attr,loom.graph
loom.attr,clojure.core
loom.alg,loom.flow
loom.derived,clojure.core
loom.test.alg-generic,clojure.data
loom.test.attr,clojure.core
loom.test.label,loom.graph
loom.io,clojure.java.io
loom.derived,loom.graph
loom.test.label,loom.label
loom.test.alg,clojure.data
loom.io,loom.attr
loom.test.graph,loom.compliance-tester
loom.flow,loom.alg-generic
loom.test.flow,loom.graph
loom.test.graph,clojure.test
loom.test.alg,loom.graph
loom.test.alg,clojure.core
loom.test.derived,loom.graph
loom.test.alg-generic,clojure.test.check.properties
