loom.alg-generic,clojure.core
loom.graph,clojure.core
loom.graph,clojure.core
loom.alg,loom.graph
loom.alg,loom.alg
loom.alg,clojure.core
loom.alg,clojure.set
loom.test.alg,clojure.test
loom.alg,clojure.core
loom.test.alg,loom.alg
loom.graph,clojure.core
loom.test.alg,loom.test.alg
loom.test.alg,clojure.core
loom.alg,loom.graph
loom.test.graph,clojure.core
loom.test.alg,loom.graph
loom.test.alg,loom.test.alg
loom.test.alg-generic,clojure.core
loom.test.attr,clojure.core
loom.alg,clojure.core
loom.derived,loom.graph
loom.test.alg,clojure.core
loom.graph,loom.graph
loom.test.alg,loom.alg
loom.alg,clojure.core
loom.alg,clojure.core
loom.graph,clojure.core
loom.gen,clojure.core
loom.test.alg,clojure.core
loom.test.alg,loom.graph
loom.test.graph,clojure.core
loom.alg,clojure.core
loom.test.alg,loom.test.alg
loom.test.graph,clojure.core
loom.test.alg,loom.graph
loom.alg,clojure.core
loom.test.graph,loom.graph
loom.test.alg,loom.alg
loom.alg,loom.alg
loom.test.alg,clojure.core
loom.test.alg,loom.graph
loom.alg,clojure.core
loom.flow,clojure.core
loom.alg,clojure.core
loom.test.alg,clojure.test
loom.test.alg,clojure.test
loom.alg,loom.graph
loom.alg,loom.graph
loom.alg,clojure.core
loom.test.graph,clojure.core
loom.gen,clojure.core
loom.flow,clojure.core
loom.graph,loom.graph
loom.alg-generic,clojure.core
loom.alg,clojure.core
loom.alg,clojure.core
loom.test.alg,clojure.core
loom.test.alg-generic,clojure.core
loom.alg-generic,clojure.core
loom.test.graph,clojure.core
loom.derived,clojure.core
loom.test.alg,clojure.core
loom.alg,clojure.core
loom.alg-generic,clojure.core
loom.test.alg-generic,clojure.test.check.generators
loom.derived,loom.graph
loom.test.derived,clojure.test
loom.alg-generic,clojure.core
loom.graph,clojure.core
loom.alg-generic,clojure.core
loom.test.graph,clojure.core
loom.attr,clojure.core
loom.test.alg-generic,loom.alg-generic
loom.gen,clojure.core
loom.alg-generic,clojure.core
loom.alg-generic,clojure.core
loom.test.alg,loom.test.alg
loom.test.alg,loom.test.alg
loom.flow,clojure.core
loom.test.graph,clojure.core
loom.test.alg,clojure.core
loom.alg,clojure.core
loom.alg,loom.alg
loom.test.alg,loom.graph
loom.test.graph,loom.graph
loom.io,loom.graph
loom.alg,clojure.core
loom.test.alg-generic,clojure.core
loom.test.graph,clojure.core
loom.graph,clojure.core
loom.test.alg,clojure.core
loom.alg-generic,clojure.core
loom.label,clojure.core
loom.test.alg,loom.graph
loom.test.derived,clojure.test
loom.test.graph,loom.attr
loom.test.alg,loom.test.alg
loom.alg,clojure.core
loom.flow,clojure.core
loom.gen,clojure.core
loom.test.alg,clojure.test
loom.alg,clojure.core
loom.test.graph,clojure.core
loom.test.alg,clojure.core
loom.test.alg,clojure.core
loom.test.alg,clojure.core
loom.test.graph,clojure.core
loom.alg-generic,clojure.core
loom.alg,clojure.core
loom.test.graph,clojure.core
loom.attr,loom.attr
loom.test.alg,clojure.data
loom.alg,clojure.core
loom.graph,clojure.core
loom.alg,loom.alg
loom.graph,clojure.core
loom.test.attr,loom.attr
loom.test.alg,clojure.core
loom.test.alg,clojure.core
loom.test.derived,loom.derived
loom.test.graph,clojure.core
loom.alg-generic,clojure.core
loom.alg,clojure.core
loom.alg-generic,clojure.core
loom.alg-generic,clojure.core
loom.alg-generic,clojure.core
loom.alg-generic,clojure.core
loom.io,loom.io
loom.alg,clojure.core
loom.alg,clojure.core
loom.test.graph,loom.graph
loom.test.graph,clojure.data
loom.graph,clojure.core
loom.graph,clojure.core
loom.test.alg,clojure.core
loom.alg-generic,loom.alg-generic
loom.alg,clojure.core
loom.test.graph,clojure.test
loom.test.alg,clojure.core
loom.io,clojure.core
loom.alg,clojure.core
loom.test.alg,clojure.data
loom.test.graph,clojure.test
loom.test.alg,loom.test.alg
loom.test.derived,clojure.test
loom.alg,clojure.core
loom.test.alg,loom.test.alg
loom.alg,loom.alg
loom.alg-generic,clojure.core
loom.test.derived,clojure.test
loom.test.alg,clojure.test
loom.alg-generic,clojure.core
loom.alg-generic,clojure.core
loom.alg,loom.graph
loom.alg-generic,loom.alg-generic
loom.attr,clojure.core
loom.test.derived,clojure.data
loom.graph,loom.graph
loom.alg,loom.alg-generic
loom.test.label,clojure.core
loom.graph,clojure.core
loom.graph,clojure.core
loom.test.graph,loom.graph
loom.test.label,loom.graph
loom.alg,clojure.core
loom.alg-generic,clojure.core
loom.graph,clojure.core
loom.alg-generic,clojure.core
loom.test.alg,clojure.data
loom.graph,loom.graph
loom.test.alg,loom.graph
loom.alg,loom.graph
loom.io,loom.graph
loom.alg-generic,clojure.core
loom.flow,clojure.core
loom.test.alg,clojure.core
loom.test.attr,clojure.test
loom.graph,clojure.core
loom.alg,loom.graph
loom.alg,clojure.core
loom.alg-generic,clojure.core
loom.alg-generic,clojure.core
loom.alg-generic,clojure.core
loom.alg,clojure.core
loom.alg,clojure.core
loom.test.alg,clojure.core
loom.alg,clojure.core
loom.gen,clojure.core
loom.test.alg,clojure.core
loom.alg,clojure.core
loom.test.alg,clojure.core
loom.alg,loom.graph
loom.test.alg,clojure.core
loom.alg-generic,clojure.core
loom.alg,loom.alg-generic
loom.test.alg,clojure.core
loom.graph,clojure.core
loom.test.derived,clojure.core
loom.alg,clojure.core
loom.graph,clojure.core
loom.flow,clojure.core
loom.test.graph,loom.graph
loom.gen,clojure.core
loom.graph,loom.graph
loom.alg-generic,clojure.core
loom.graph,loom.graph
loom.test.derived,loom.graph
loom.io,clojure.core
loom.test.graph,clojure.test
loom.io,clojure.core
loom.test.alg,clojure.core
loom.test.alg,loom.test.alg
loom.alg-generic,clojure.core
loom.test.alg,loom.test.alg
loom.test.alg,loom.test.alg
loom.alg,loom.alg-generic
loom.alg,loom.graph
loom.test.graph,clojure.core
loom.test.graph,clojure.core
loom.alg-generic,clojure.core
loom.test.alg,loom.test.alg
loom.test.alg-generic,clojure.core
loom.graph,loom.graph
loom.alg,loom.graph
loom.alg-generic,clojure.core
loom.alg,clojure.core
loom.test.graph,clojure.core
loom.alg,clojure.core
loom.test.label,clojure.core
loom.test.alg-generic,loom.alg-generic
loom.test.alg-generic,clojure.core
loom.attr,loom.attr
loom.alg-generic,clojure.core
loom.alg,clojure.core
loom.test.graph,clojure.core
loom.alg,clojure.core
loom.graph,clojure.core
loom.alg,clojure.core
loom.flow,clojure.core
loom.test.graph,clojure.core
loom.derived,clojure.core
loom.alg-generic,clojure.core
loom.alg,loom.alg-generic
loom.test.alg,clojure.core
loom.test.alg,loom.alg
loom.graph,clojure.core
loom.alg-generic,loom.alg-generic
loom.alg-generic,clojure.core
loom.alg-generic,clojure.core
loom.graph,clojure.core
loom.alg,clojure.core
loom.test.label,loom.label
loom.test.alg,loom.graph
loom.alg-generic,clojure.core
loom.gen,clojure.core
loom.test.alg-generic,loom.alg-generic
loom.derived,loom.graph
loom.test.alg-generic,loom.graph
loom.alg,loom.graph
loom.io,clojure.core
loom.alg-generic,clojure.core
loom.test.alg-generic,clojure.core
loom.test.alg,clojure.core
loom.alg,loom.graph
loom.io,loom.graph
loom.io,loom.attr
loom.test.graph,loom.graph
loom.flow,clojure.core
loom.alg,clojure.core
loom.test.alg,loom.test.alg
loom.flow,loom.alg-generic
loom.alg,clojure.core
loom.graph,loom.graph
loom.alg,clojure.core
loom.io,clojure.core
loom.test.attr,clojure.data
loom.test.graph,clojure.core
loom.graph,clojure.core
loom.alg-generic,clojure.core
loom.test.alg,clojure.core
loom.alg,loom.graph
loom.gen,clojure.core
loom.test.alg,loom.graph
loom.dataflow,loom.graph
loom.test.alg,clojure.core
loom.test.alg,loom.graph
loom.test.alg,loom.test.alg
loom.flow,clojure.core
loom.alg,clojure.core
loom.test.alg,clojure.core
loom.test.alg,loom.test.alg
loom.test.alg,loom.graph
loom.test.graph,clojure.test
loom.dataflow,clojure.core
loom.test.alg,loom.test.alg
loom.alg,clojure.core
loom.alg,clojure.core
loom.alg-generic,clojure.core
loom.test.graph,clojure.data
loom.test.graph,loom.graph
loom.test.derived,clojure.test
loom.test.graph,loom.attr
loom.test.attr,clojure.core
loom.test.alg-generic,clojure.test.check.generators
loom.graph,loom.graph
loom.alg-generic,clojure.core
loom.derived,loom.graph
loom.alg,clojure.core
loom.attr,loom.graph
loom.dataflow,clojure.core
loom.test.alg,loom.alg
loom.test.alg,clojure.core
loom.alg-generic,clojure.core
loom.derived,loom.graph
loom.graph,loom.graph
loom.alg,loom.alg
loom.dataflow,clojure.core
loom.alg-generic,clojure.core
loom.test.alg,clojure.test
loom.graph,clojure.core
loom.alg,clojure.core
loom.test.alg,clojure.core
loom.alg-generic,clojure.core
loom.gen,loom.graph
loom.test.alg,clojure.test
loom.test.alg,loom.test.alg
loom.test.flow,loom.alg
loom.test.alg,clojure.core
loom.alg,clojure.core
loom.test.alg,loom.graph
loom.alg-generic,clojure.core
loom.alg-generic,clojure.core
loom.test.alg-generic,clojure.test.check.generators
loom.test.graph,clojure.core
loom.alg-generic,clojure.core
loom.test.derived,clojure.core
loom.test.graph,loom.graph
loom.dataflow,clojure.core
loom.test.alg,clojure.core
loom.alg,clojure.core
loom.test.attr,clojure.test
loom.test.alg,loom.test.alg
loom.test.derived,clojure.core
loom.alg-generic,clojure.core
loom.alg,clojure.core
loom.alg-generic,clojure.core
loom.alg,loom.graph
loom.graph,clojure.core
loom.alg-generic,loom.alg-generic
loom.alg,loom.graph
loom.test.alg,loom.test.alg
loom.alg,clojure.core
loom.flow,clojure.core
loom.graph,clojure.core
loom.label,loom.label
loom.alg-generic,clojure.core
loom.alg,loom.graph
loom.test.alg-generic,loom.test.alg-generic
loom.alg-generic,clojure.core
loom.test.alg,loom.graph
loom.test.alg,loom.alg
loom.alg,clojure.core
loom.test.alg,clojure.core
loom.attr,clojure.core
loom.alg-generic,clojure.core
loom.alg-generic,clojure.core
loom.alg-generic,clojure.core
loom.test.graph,clojure.core
loom.alg,loom.graph
loom.graph,clojure.core
loom.derived,loom.graph
loom.test.alg,clojure.core
loom.test.graph,loom.graph
loom.flow,clojure.core
loom.graph,loom.graph
loom.test.alg,clojure.core
loom.flow,clojure.core
loom.graph,loom.alg-generic
loom.alg,loom.graph
loom.alg-generic,clojure.core
loom.alg,loom.alg
loom.test.alg,clojure.core
loom.gen,clojure.core
loom.test.alg,clojure.core
loom.test.alg-generic,clojure.test.check.generators
loom.test.graph,loom.graph
loom.test.alg,loom.test.alg
loom.test.graph,clojure.core
loom.test.graph,clojure.core
loom.alg,clojure.core
loom.test.alg,clojure.data
loom.alg-generic,clojure.core
loom.test.graph,clojure.core
loom.alg,clojure.core
loom.alg,loom.alg
loom.alg-generic,clojure.core
loom.test.label,clojure.core
loom.alg,loom.graph
loom.test.flow,loom.flow
loom.test.alg,clojure.core
loom.test.alg,loom.alg
loom.test.graph,loom.compliance-tester
loom.alg,loom.graph
loom.alg-generic,clojure.core
loom.test.graph,clojure.core
loom.alg,loom.graph
loom.test.alg,clojure.core
loom.alg,clojure.core
loom.test.derived,clojure.test
loom.alg-generic,clojure.core
loom.test.alg-generic,clojure.test.check.generators
loom.alg,loom.graph
loom.gen,clojure.core
loom.gen,clojure.core
loom.alg,clojure.core
loom.derived,loom.graph
loom.test.alg-generic,loom.test.alg-generic
loom.io,loom.attr
loom.io,loom.io
loom.test.graph,clojure.core
loom.alg-generic,clojure.core
loom.graph,loom.graph
loom.alg,clojure.core
loom.test.graph,loom.graph
loom.test.alg,clojure.core
loom.alg,clojure.core
loom.alg,loom.alg-generic
loom.derived,loom.graph
loom.test.alg-generic,clojure.core
loom.alg-generic,clojure.core
loom.alg-generic,clojure.core
loom.test.alg,clojure.core
loom.alg-generic,clojure.core
loom.alg-generic,clojure.core
loom.alg-generic,clojure.core
loom.alg,loom.graph
loom.test.graph,clojure.core
loom.graph,clojure.core
loom.alg,loom.alg-generic
loom.test.alg,clojure.core
loom.gen,clojure.core
loom.test.attr,clojure.core
loom.alg,clojure.core
loom.graph,loom.graph
loom.flow,loom.flow
loom.alg,loom.alg
loom.test.alg,loom.test.alg
loom.test.alg-generic,loom.test.alg-generic
loom.alg,clojure.core
loom.alg,loom.graph
loom.test.alg-generic,clojure.core
loom.test.graph,clojure.core
loom.alg,clojure.core
loom.alg,loom.graph
loom.alg-generic,clojure.core
loom.test.alg,clojure.test
loom.alg,clojure.core
loom.derived,loom.graph
loom.graph,clojure.core
loom.dataflow,clojure.core
loom.test.graph,clojure.test
loom.alg,loom.graph
loom.test.alg,loom.graph
loom.alg-generic,clojure.core
loom.graph,loom.graph
loom.gen,clojure.core
loom.test.alg,clojure.core
loom.test.alg,clojure.data
loom.test.alg,clojure.test
loom.io,clojure.java.io
loom.alg-generic,clojure.core
loom.alg,clojure.core
loom.test.alg,clojure.core
loom.alg-generic,loom.alg-generic
loom.test.alg,clojure.core
loom.alg-generic,loom.alg-generic
loom.graph,clojure.core
loom.test.derived,clojure.core
loom.flow,loom.flow
loom.test.alg-generic,clojure.core
loom.alg-generic,clojure.core
loom.graph,loom.graph
loom.test.graph,loom.graph
loom.test.graph,clojure.core
loom.graph,loom.graph
loom.alg-generic,clojure.core
loom.graph,clojure.core
loom.graph,clojure.core
loom.io,clojure.core
loom.test.alg,clojure.test
loom.test.attr,clojure.core
loom.test.alg,clojure.core
loom.alg,loom.graph
loom.test.graph,clojure.core
loom.test.alg,loom.graph
loom.alg-generic,clojure.core
loom.alg,clojure.set
loom.alg-generic,clojure.core
loom.alg,clojure.core
loom.test.derived,clojure.core
loom.alg,clojure.core
loom.alg-generic,clojure.core
loom.test.graph,clojure.test
loom.alg,clojure.core
loom.alg,loom.graph
loom.test.flow,loom.graph
loom.test.graph,clojure.core
loom.test.alg-generic,clojure.core
loom.test.alg,clojure.core
loom.test.label,clojure.core
loom.io,clojure.core
loom.graph,clojure.core
loom.graph,clojure.core
loom.dataflow,loom.graph
loom.alg-generic,clojure.core
loom.graph,clojure.core
loom.test.graph,clojure.data
loom.io,clojure.core
loom.test.alg-generic,loom.test.alg-generic
loom.test.alg,clojure.core
loom.derived,clojure.core
loom.test.alg,clojure.test
loom.alg-generic,clojure.core
loom.test.alg,loom.graph
loom.test.alg,clojure.core
loom.alg,loom.graph
loom.test.graph,clojure.test
loom.attr,loom.attr
loom.test.attr,clojure.core
loom.test.alg,loom.test.alg
loom.flow,clojure.core
loom.alg,loom.graph
loom.test.alg-generic,clojure.core
loom.graph,clojure.core
loom.test.graph,clojure.core
loom.label,loom.attr
loom.test.alg,loom.graph
loom.alg,clojure.core
loom.graph,clojure.core
loom.gen,clojure.core
loom.test.alg-generic,clojure.core
loom.test.alg,clojure.test
loom.test.alg,loom.alg
loom.test.alg,clojure.core
loom.alg,clojure.core
loom.alg,clojure.core
loom.test.derived,loom.alg
loom.attr,loom.attr
loom.test.alg,clojure.core
loom.flow,clojure.core
loom.derived,loom.graph
loom.test.alg,loom.graph
loom.io,loom.graph
loom.graph,loom.graph
loom.alg,clojure.core
loom.alg,clojure.core
loom.test.graph,clojure.core
loom.test.graph,clojure.core
loom.alg,loom.alg-generic
loom.test.alg,loom.alg
loom.alg-generic,loom.alg-generic
loom.alg,clojure.core
loom.alg,loom.graph
loom.graph,loom.graph
loom.alg,clojure.core
loom.graph,clojure.core
loom.alg-generic,loom.alg-generic
loom.test.graph,clojure.core
loom.alg-generic,loom.alg-generic
loom.alg-generic,loom.alg-generic
loom.gen,clojure.core
loom.gen,loom.graph
loom.alg,clojure.core
loom.alg,clojure.core
loom.test.flow,loom.test.flow
loom.alg-generic,clojure.core
loom.test.alg,loom.test.alg
loom.test.graph,clojure.core
loom.derived,clojure.core
loom.graph,clojure.core
loom.gen,loom.graph
loom.test.alg,loom.alg
loom.alg-generic,clojure.core
loom.alg,clojure.core
loom.alg,loom.graph
loom.test.alg,loom.alg
loom.test.attr,loom.attr
loom.alg,loom.graph
loom.test.alg,loom.graph
loom.test.alg,clojure.data
loom.test.flow,loom.graph
loom.alg,clojure.core
loom.alg,clojure.core
loom.test.alg,loom.alg
loom.test.graph,loom.graph
loom.alg,clojure.core
loom.graph,clojure.core
loom.alg-generic,clojure.core
loom.test.alg,clojure.data
loom.test.alg,clojure.test
loom.alg,loom.graph
loom.graph,loom.graph
loom.alg,clojure.core
loom.test.alg,loom.test.alg
loom.test.alg,clojure.core
loom.alg,clojure.core
loom.label,loom.graph
loom.alg,clojure.core
loom.alg-generic,clojure.core
loom.alg,clojure.core
loom.test.graph,loom.graph
loom.io,loom.io
loom.graph,clojure.core
loom.gen,clojure.core
loom.derived,loom.graph
loom.alg-generic,clojure.core
loom.alg-generic,clojure.core
loom.test.alg-generic,loom.alg-generic
loom.test.alg-generic,loom.graph
loom.attr,clojure.core
loom.test.alg,clojure.test
loom.alg,loom.graph
loom.test.alg-generic,clojure.core
loom.derived,clojure.core
loom.test.graph,loom.graph
loom.alg,loom.graph
loom.test.derived,clojure.data
loom.io,clojure.core
loom.alg,clojure.core
loom.alg-generic,clojure.core
loom.test.graph,clojure.test
loom.test.attr,loom.attr
loom.alg-generic,clojure.core
loom.dataflow,clojure.core
loom.gen,loom.graph
loom.graph,clojure.core
loom.io,clojure.core
loom.test.alg,clojure.test
loom.test.label,clojure.core
loom.test.alg-generic,clojure.test
loom.test.alg,loom.test.alg
loom.graph,clojure.core
loom.test.alg,loom.test.alg
loom.test.alg-generic,loom.test.alg-generic
loom.flow,loom.flow
loom.test.graph,clojure.core
loom.alg,clojure.core
loom.test.alg,loom.test.alg
loom.alg,clojure.core
loom.test.alg-generic,clojure.core
loom.alg,clojure.core
loom.graph,loom.graph
loom.attr,clojure.core
loom.alg,clojure.core
loom.alg-generic,clojure.core
loom.alg,loom.graph
loom.flow,clojure.core
loom.test.alg,clojure.core
loom.test.alg,loom.graph
loom.alg-generic,clojure.core
loom.alg-generic,clojure.core
loom.test.flow,clojure.test
loom.test.derived,clojure.core
loom.test.alg,loom.graph
loom.test.alg,clojure.core
loom.test.alg,loom.graph
loom.test.alg,loom.alg
loom.test.alg,clojure.core
loom.attr,loom.attr
loom.test.graph,loom.graph
loom.alg,loom.graph
loom.test.alg,clojure.core
loom.alg,clojure.core
loom.test.graph,clojure.test
loom.alg,clojure.core
loom.io,clojure.core
loom.test.alg,loom.test.alg
loom.alg,loom.alg
loom.test.alg,loom.test.alg
loom.test.alg,clojure.data
loom.alg,clojure.core
loom.alg,clojure.core
loom.dataflow,clojure.core
loom.alg-generic,clojure.core
loom.alg-generic,clojure.core
loom.alg,loom.alg
loom.test.alg,clojure.core
loom.test.graph,clojure.data
loom.test.derived,clojure.core
loom.derived,loom.graph
loom.test.alg,clojure.core
loom.test.alg,clojure.core
loom.test.graph,clojure.core
loom.label,loom.graph
loom.alg,loom.graph
loom.io,clojure.core
loom.test.flow,loom.graph
loom.test.graph,clojure.core
loom.test.alg,clojure.core
loom.alg,loom.graph
loom.alg,loom.graph
loom.test.alg-generic,loom.alg-generic
loom.test.alg,loom.test.alg
loom.io,clojure.core
loom.alg,clojure.core
loom.alg-generic,clojure.core
loom.test.graph,clojure.core
loom.label,loom.attr
loom.gen,clojure.core
loom.test.alg-generic,clojure.core
loom.alg,clojure.core
loom.test.label,clojure.test
loom.test.alg,loom.graph
loom.io,clojure.core
loom.test.graph,clojure.core
loom.graph,loom.graph
loom.test.alg,loom.test.alg
loom.test.graph,loom.graph
loom.test.alg,loom.test.alg
loom.test.graph,loom.graph
loom.test.graph,loom.graph
loom.alg,loom.graph
loom.alg,clojure.core
loom.test.graph,loom.graph
loom.alg,clojure.core
loom.graph,clojure.core
loom.test.alg,loom.graph
loom.alg,clojure.core
loom.alg-generic,clojure.core
loom.io,clojure.core
loom.test.graph,clojure.core
loom.test.alg,clojure.core
loom.test.alg-generic,loom.test.alg-generic
loom.test.flow,loom.graph
loom.test.alg,loom.test.alg
loom.test.alg,clojure.core
loom.test.graph,clojure.test
loom.test.alg,loom.test.alg
loom.test.graph,clojure.data
loom.attr,loom.graph
loom.test.graph,clojure.core
loom.alg,loom.graph
loom.test.label,clojure.core
loom.alg-generic,loom.alg-generic
loom.alg,clojure.core
loom.alg-generic,clojure.core
loom.alg-generic,loom.alg-generic
loom.test.graph,loom.graph
loom.alg,clojure.core
loom.alg,clojure.core
loom.graph,clojure.core
loom.test.graph,loom.graph
loom.attr,clojure.core
loom.alg,clojure.core
loom.test.alg,clojure.data
loom.test.alg,loom.graph
loom.test.alg-generic,clojure.core
loom.graph,clojure.core
loom.test.alg,loom.alg
loom.test.flow,loom.graph
loom.test.alg-generic,loom.test.alg-generic
loom.alg-generic,clojure.core
loom.alg,loom.alg-generic
loom.test.graph,clojure.core
loom.alg,clojure.core
loom.test.alg,clojure.core
loom.test.attr,clojure.core
loom.test.alg,clojure.test
loom.graph,loom.graph
loom.alg-generic,clojure.core
loom.alg,clojure.core
loom.test.derived,clojure.core
loom.test.alg-generic,clojure.core
loom.io,clojure.core
loom.test.alg,loom.test.alg
loom.alg,loom.graph
loom.alg-generic,clojure.core
loom.test.alg,loom.test.alg
loom.graph,loom.graph
loom.alg-generic,clojure.core
loom.test.graph,clojure.core
loom.alg-generic,clojure.core
loom.label,loom.label
loom.test.alg,loom.graph
loom.test.alg,clojure.core
loom.test.alg,clojure.test
loom.test.alg,clojure.core
loom.graph,clojure.core
loom.alg-generic,clojure.core
loom.test.alg,loom.graph
loom.test.alg,loom.test.alg
loom.alg,loom.alg
loom.test.alg-generic,clojure.test
loom.test.alg-generic,loom.test.alg-generic
loom.alg,clojure.core
loom.alg-generic,clojure.core
loom.test.alg-generic,clojure.core
loom.alg,clojure.core
loom.io,clojure.core
loom.alg,loom.graph
loom.graph,loom.graph
loom.test.graph,clojure.core
loom.test.graph,clojure.test
loom.test.alg,loom.test.alg
loom.io,clojure.java.shell
loom.io,clojure.string
loom.test.label,clojure.test
loom.test.alg-generic,loom.alg-generic
loom.test.graph,loom.graph
loom.alg-generic,clojure.core
loom.graph,loom.graph
loom.alg,clojure.core
loom.test.graph,clojure.core
loom.test.alg,loom.alg
loom.test.alg-generic,clojure.core
loom.test.graph,clojure.core
loom.test.alg,clojure.core
loom.test.alg-generic,clojure.test.check.generators
loom.test.alg,loom.alg
loom.test.graph,clojure.core
loom.graph,clojure.core
loom.test.graph,clojure.core
loom.test.graph,loom.graph
loom.test.alg,loom.alg
loom.alg,clojure.core
loom.test.graph,loom.graph
loom.alg,loom.graph
loom.io,loom.attr
loom.test.derived,loom.graph
loom.test.alg-generic,clojure.test.check.generators
loom.test.flow,loom.flow
loom.alg,loom.graph
loom.graph,clojure.core
loom.gen,clojure.core
loom.test.alg,clojure.core
loom.alg-generic,clojure.core
loom.alg-generic,clojure.core
loom.gen,loom.graph
loom.alg,loom.graph
loom.test.alg,clojure.test
loom.alg-generic,clojure.core
loom.test.derived,loom.derived
loom.alg-generic,clojure.core
loom.alg-generic,clojure.core
loom.alg,loom.graph
loom.test.alg,clojure.test
loom.test.alg,clojure.core
loom.graph,clojure.core
loom.flow,loom.flow
loom.test.alg-generic,loom.test.alg-generic
loom.alg,clojure.core
loom.test.graph,loom.graph
loom.alg,loom.graph
loom.alg,loom.graph
loom.test.graph,clojure.core
loom.alg-generic,clojure.core
loom.derived,loom.graph
loom.alg-generic,clojure.core
loom.attr,loom.attr
loom.alg-generic,clojure.core
loom.test.alg,clojure.core
loom.test.alg,clojure.test
loom.test.alg,clojure.core
loom.alg,loom.graph
loom.alg,clojure.core
loom.io,clojure.core
loom.alg-generic,clojure.core
loom.derived,loom.graph
loom.test.alg,clojure.core
loom.alg-generic,clojure.core
loom.test.graph,clojure.core
loom.test.alg,clojure.test
loom.alg-generic,clojure.core
loom.alg,loom.graph
loom.alg-generic,clojure.core
loom.alg,loom.graph
loom.test.alg-generic,clojure.core
loom.test.graph,loom.graph
loom.test.alg,clojure.core
loom.test.alg,clojure.core
loom.io,clojure.core
loom.test.alg,loom.test.alg
loom.alg,clojure.core
loom.test.graph,loom.graph
loom.test.alg,loom.alg
loom.test.alg,loom.test.alg
loom.graph,loom.graph
loom.alg,clojure.core
loom.test.graph,clojure.core
loom.alg,clojure.core
loom.alg-generic,clojure.core
loom.graph,clojure.core
loom.alg,loom.graph
loom.attr,loom.graph
loom.alg,clojure.core
loom.alg,clojure.core
loom.test.alg,clojure.data
loom.attr,clojure.core
loom.gen,clojure.core
loom.test.alg,loom.alg
loom.test.alg,loom.test.alg
loom.test.graph,loom.graph
loom.graph,loom.graph
loom.alg,clojure.core
loom.alg,clojure.core
loom.alg,clojure.core
loom.test.alg,clojure.core
loom.alg,clojure.core
loom.test.alg,clojure.core
loom.alg,loom.graph
loom.alg-generic,clojure.core
loom.test.graph,clojure.core
loom.alg,clojure.core
loom.test.alg,loom.alg
loom.alg-generic,loom.alg-generic
loom.graph,clojure.core
loom.alg,loom.graph
loom.test.alg,clojure.core
loom.alg,loom.alg
loom.alg,loom.alg
loom.alg-generic,clojure.core
loom.graph,clojure.core
loom.test.graph,loom.graph
loom.graph,clojure.core
loom.test.alg-generic,clojure.test.check.generators
loom.graph,clojure.core
loom.alg-generic,clojure.core
loom.test.alg,loom.alg
loom.alg-generic,loom.alg-generic
loom.test.graph,loom.graph
loom.alg,clojure.core
loom.alg-generic,clojure.core
loom.alg-generic,clojure.core
loom.io,clojure.core
loom.alg,loom.graph
loom.io,loom.io
loom.alg-generic,clojure.core
loom.alg-generic,clojure.core
loom.alg,loom.graph
loom.test.alg,loom.test.alg
loom.alg,loom.graph
loom.alg,loom.graph
loom.graph,clojure.core
loom.alg,loom.graph
loom.alg,clojure.core
loom.alg-generic,clojure.core
loom.test.derived,clojure.core
loom.alg-generic,loom.alg-generic
loom.gen,clojure.core
loom.test.alg,loom.test.alg
loom.test.alg,loom.test.alg
loom.graph,loom.graph
loom.test.alg,clojure.data
loom.test.alg-generic,loom.alg-generic
loom.alg,clojure.core
loom.test.derived,clojure.core
loom.test.label,loom.label
loom.test.alg,clojure.core
loom.graph,clojure.core
loom.test.alg,loom.test.alg
loom.test.graph,clojure.core
loom.test.alg,loom.graph
loom.alg-generic,clojure.core
loom.test.flow,loom.test.flow
loom.graph,loom.graph
loom.alg-generic,clojure.core
loom.test.alg-generic,clojure.data
loom.alg-generic,clojure.core
loom.test.alg,loom.alg
loom.alg-generic,clojure.core
loom.test.alg,clojure.core
loom.attr,clojure.core
loom.graph,loom.graph
loom.io,clojure.core
loom.alg,loom.graph
loom.alg,clojure.core
loom.test.alg,clojure.core
loom.test.alg,clojure.core
loom.alg-generic,clojure.core
loom.flow,clojure.core
loom.test.alg,clojure.core
loom.gen,clojure.core
loom.alg-generic,clojure.core
loom.test.alg,clojure.core
loom.alg,clojure.core
loom.test.graph,loom.graph
loom.alg,clojure.core
loom.test.alg-generic,clojure.test.check.generators
loom.alg,loom.graph
loom.derived,clojure.core
loom.test.graph,clojure.core
loom.test.alg,clojure.core
loom.alg-generic,clojure.core
loom.derived,loom.graph
loom.test.alg,clojure.core
loom.test.alg,clojure.core
loom.alg-generic,loom.alg-generic
loom.test.alg,loom.alg
loom.alg-generic,clojure.core
loom.dataflow,clojure.core
loom.alg,loom.flow
loom.alg,clojure.core
loom.graph,clojure.core
loom.test.alg,loom.graph
loom.alg,clojure.core
loom.test.graph,clojure.core
loom.alg-generic,clojure.core
loom.alg-generic,loom.alg-generic
loom.test.flow,loom.graph
loom.dataflow,clojure.core
loom.io,clojure.core
loom.graph,clojure.core
loom.test.alg,clojure.core
loom.alg,clojure.core
loom.alg,clojure.core
loom.test.alg,clojure.core
loom.test.graph,clojure.core
loom.alg,loom.graph
loom.graph,clojure.core
loom.test.alg,clojure.core
loom.test.alg,loom.test.alg
loom.test.alg,clojure.core
loom.alg,loom.graph
loom.test.alg,clojure.core
loom.graph,clojure.core
loom.test.graph,clojure.core
loom.test.graph,loom.graph
loom.alg-generic,loom.alg-generic
loom.io,clojure.core
loom.derived,clojure.core
loom.alg-generic,clojure.core
loom.alg,loom.graph
loom.alg,clojure.core
loom.test.graph,clojure.test
loom.alg,clojure.core
loom.test.graph,clojure.core
loom.derived,clojure.core
loom.test.graph,clojure.core
loom.test.alg,clojure.core
loom.test.alg,loom.alg
loom.test.graph,clojure.core
loom.test.alg,loom.graph
loom.test.alg,loom.test.alg
loom.test.graph,loom.graph
loom.alg,clojure.core
loom.alg,clojure.core
loom.io,loom.io
loom.test.alg,clojure.core
loom.test.alg,loom.graph
loom.test.graph,clojure.core
loom.graph,clojure.core
loom.alg,loom.graph
loom.graph,clojure.core
loom.alg-generic,clojure.core
loom.test.alg,clojure.core
loom.test.alg,clojure.core
loom.test.alg,clojure.core
loom.test.alg,clojure.data
loom.test.alg,clojure.data
loom.graph,clojure.core
loom.alg-generic,loom.alg-generic
loom.test.alg,loom.graph
loom.test.label,clojure.core
loom.alg,loom.graph
loom.test.alg-generic,clojure.core
loom.test.alg-generic,clojure.core
loom.alg,loom.graph
loom.test.alg,clojure.core
loom.gen,clojure.core
loom.test.alg,loom.test.alg
loom.alg,loom.alg-generic
loom.test.alg,loom.test.alg
loom.test.alg,clojure.core
loom.alg,loom.alg-generic
loom.test.alg,loom.test.alg
loom.alg-generic,clojure.core
loom.test.alg,loom.alg
loom.test.alg,loom.graph
loom.alg,loom.graph
loom.alg-generic,clojure.core
loom.alg-generic,clojure.core
loom.alg,clojure.core
loom.gen,clojure.core
loom.test.alg,loom.graph
loom.test.derived,clojure.core
loom.alg-generic,clojure.core
loom.test.alg,loom.test.alg
loom.alg,clojure.core
loom.test.graph,clojure.core
loom.test.derived,clojure.core
loom.alg,clojure.core
loom.alg,clojure.core
loom.alg-generic,clojure.core
loom.test.alg,clojure.core
loom.test.alg,loom.test.alg
loom.test.graph,loom.graph
loom.derived,loom.graph
loom.test.alg,clojure.core
loom.alg,clojure.core
loom.test.alg,clojure.core
loom.test.derived,clojure.core
loom.graph,clojure.core
loom.test.graph,clojure.data
loom.graph,loom.graph
loom.test.graph,loom.graph
loom.graph,clojure.core
loom.alg,clojure.core
loom.alg-generic,clojure.core
loom.graph,clojure.core
loom.alg-generic,clojure.core
loom.derived,loom.graph
loom.alg,clojure.core
loom.test.alg-generic,clojure.test
loom.alg-generic,clojure.core
loom.test.alg,clojure.core
loom.test.alg,clojure.test
loom.alg-generic,clojure.core
loom.alg-generic,clojure.core
loom.alg,loom.graph
loom.flow,clojure.core
loom.gen,clojure.core
loom.test.alg,clojure.data
loom.test.alg,loom.graph
loom.alg-generic,clojure.core
loom.graph,loom.graph
loom.test.derived,clojure.core
loom.alg,clojure.core
loom.test.graph,clojure.core
loom.alg,loom.alg
loom.flow,clojure.core
loom.alg-generic,clojure.core
loom.alg,loom.graph
loom.alg-generic,clojure.core
loom.alg-generic,loom.alg-generic
loom.test.alg,loom.graph
loom.io,clojure.core
loom.flow,clojure.core
loom.test.alg,clojure.core
loom.alg,loom.alg-generic
loom.test.graph,clojure.core
loom.io,loom.alg
loom.test.alg,loom.test.alg
loom.test.alg,clojure.core
loom.alg,loom.alg
loom.alg,clojure.core
loom.test.alg,loom.graph
loom.graph,clojure.core
loom.alg,loom.graph
loom.test.alg,clojure.test
loom.test.alg,clojure.core
loom.test.derived,clojure.core
loom.gen,clojure.core
loom.test.alg,loom.graph
loom.test.graph,clojure.test
loom.alg-generic,clojure.core
loom.derived,loom.graph
loom.test.alg-generic,clojure.core
loom.graph,clojure.core
loom.test.alg-generic,clojure.core
loom.alg-generic,clojure.core
loom.graph,loom.graph
loom.alg,clojure.core
loom.alg-generic,clojure.core
loom.alg,clojure.data.priority-map
loom.alg,clojure.core
loom.alg-generic,loom.alg-generic
loom.test.alg,loom.test.alg
loom.test.alg-generic,loom.alg-generic
loom.alg,clojure.core
loom.test.alg-generic,clojure.core
loom.alg,loom.graph
loom.alg,clojure.core
loom.alg-generic,loom.alg-generic
loom.alg,loom.alg
loom.alg,clojure.core
loom.alg-generic,clojure.core
loom.test.alg,clojure.core
loom.test.alg,clojure.core
loom.alg,clojure.core
loom.test.alg-generic,clojure.test.check.properties
loom.test.alg,clojure.core
loom.flow,loom.flow
loom.test.graph,loom.graph
loom.derived,loom.graph
loom.test.alg-generic,clojure.test.check.generators
loom.alg,clojure.core
loom.test.alg,clojure.core
loom.alg,loom.graph
loom.graph,clojure.core
loom.io,clojure.core
loom.alg,clojure.core
loom.io,clojure.core
loom.test.graph,clojure.test
loom.test.alg,loom.test.alg
loom.attr,loom.attr
loom.test.alg,clojure.data
loom.alg-generic,clojure.core
loom.alg,clojure.core
loom.alg,loom.alg-generic
loom.alg,clojure.core
loom.test.alg,clojure.core
loom.test.alg,clojure.core
loom.alg,clojure.set
loom.alg-generic,clojure.core
loom.test.alg,clojure.test
loom.test.alg-generic,loom.test.alg-generic
loom.test.alg-generic,clojure.data
loom.test.alg,loom.alg
loom.alg,clojure.core
loom.test.alg,clojure.test
loom.gen,loom.graph
loom.attr,loom.graph
loom.alg,clojure.core
loom.alg,clojure.core
loom.derived,loom.graph
loom.test.graph,clojure.core
loom.test.graph,clojure.core
loom.flow,clojure.core
loom.test.label,clojure.data
loom.test.alg,clojure.core
loom.test.alg,clojure.core
loom.test.attr,loom.attr
loom.test.alg,clojure.core
loom.derived,loom.graph
loom.graph,loom.graph
loom.test.alg,loom.alg
loom.alg-generic,loom.alg-generic
loom.graph,clojure.core
loom.alg-generic,clojure.core
loom.test.graph,loom.graph
loom.alg,clojure.core
loom.test.graph,clojure.core
loom.alg,clojure.core
loom.alg-generic,clojure.core
loom.test.derived,clojure.core
loom.alg,loom.alg
loom.alg,clojure.core
loom.test.alg-generic,clojure.core
loom.alg-generic,clojure.core
loom.alg,clojure.core
loom.test.alg,loom.alg
loom.derived,loom.graph
loom.test.alg,loom.test.alg
loom.test.alg,clojure.core
loom.alg,loom.alg
loom.test.graph,clojure.data
loom.flow,loom.flow
loom.test.graph,clojure.test
loom.alg,clojure.data.priority-map
loom.test.alg-generic,clojure.core
loom.alg,clojure.core
loom.test.graph,loom.graph
loom.flow,clojure.core
loom.test.attr,clojure.core
loom.test.alg,loom.test.alg
loom.alg-generic,clojure.core
loom.test.alg-generic,loom.test.alg-generic
loom.alg,loom.alg-generic
loom.io,clojure.core
loom.alg-generic,clojure.core
loom.test.alg-generic,clojure.core
loom.flow,clojure.core
loom.derived,clojure.core
loom.test.alg,loom.alg
loom.test.alg,clojure.core
loom.test.alg,clojure.core
loom.alg-generic,clojure.core
loom.alg,loom.graph
loom.test.flow,loom.test.flow
loom.alg-generic,loom.alg-generic
loom.alg,loom.graph
loom.alg-generic,loom.alg-generic
loom.gen,clojure.core
loom.test.alg-generic,clojure.test
loom.test.flow,clojure.test
loom.test.alg,clojure.test
loom.test.alg,clojure.core
loom.graph,clojure.core
loom.alg,clojure.core
loom.test.alg,clojure.core
loom.test.alg,clojure.core
loom.attr,clojure.core
loom.test.graph,clojure.test
loom.alg-generic,clojure.core
loom.io,clojure.core
loom.alg,clojure.core
loom.test.alg,loom.derived
loom.alg-generic,clojure.core
loom.test.alg-generic,loom.test.alg-generic
loom.graph,clojure.core
loom.test.alg,loom.test.alg
loom.test.alg,clojure.test
loom.test.alg-generic,clojure.core
loom.attr,clojure.core
loom.test.derived,clojure.core
loom.test.alg,clojure.core
loom.test.alg-generic,clojure.test
loom.test.alg,clojure.core
loom.graph,loom.graph
loom.alg-generic,clojure.core
loom.test.alg,clojure.core
loom.test.alg,clojure.core
loom.graph,clojure.core
loom.dataflow,clojure.core
loom.test.alg-generic,clojure.core
loom.alg,loom.alg
loom.test.alg,clojure.test
loom.test.graph,loom.graph
loom.alg,loom.alg
loom.test.alg-generic,clojure.core
loom.graph,loom.graph
loom.alg,clojure.core
loom.test.graph,loom.graph
loom.alg,loom.graph
loom.test.alg,clojure.core
loom.test.graph,clojure.test
loom.derived,clojure.core
loom.test.alg-generic,loom.alg-generic
loom.alg,loom.alg-generic
loom.gen,clojure.core
loom.gen,clojure.core
loom.alg-generic,clojure.core
loom.test.graph,clojure.core
loom.alg-generic,clojure.core
loom.test.alg,loom.test.alg
loom.test.alg,clojure.core
loom.derived,clojure.core
loom.test.alg,clojure.core
loom.test.derived,clojure.core
loom.alg,clojure.core
loom.derived,clojure.core
loom.flow,loom.flow
loom.test.derived,clojure.core
loom.alg-generic,clojure.core
loom.alg-generic,loom.alg-generic
loom.test.flow,loom.test.flow
loom.derived,loom.graph
loom.alg,loom.alg
loom.graph,clojure.core
loom.flow,clojure.core
loom.test.alg-generic,loom.test.alg-generic
loom.test.alg,loom.test.alg
loom.test.alg,loom.alg
loom.alg-generic,loom.alg-generic
loom.alg,loom.graph
loom.alg,loom.graph
loom.test.graph,loom.graph
loom.graph,loom.graph
loom.alg-generic,clojure.core
loom.test.alg,clojure.core
loom.alg,clojure.core
loom.alg-generic,clojure.core
loom.alg-generic,loom.alg-generic
loom.alg,clojure.core
loom.test.alg-generic,clojure.core
loom.alg-generic,clojure.core
loom.test.alg-generic,clojure.test
loom.graph,clojure.core
loom.alg-generic,clojure.core
loom.alg-generic,clojure.core
loom.test.derived,clojure.core
loom.test.graph,clojure.core
loom.test.alg,clojure.core
loom.graph,loom.graph
loom.test.alg-generic,clojure.core
loom.io,clojure.core
loom.alg,clojure.core
loom.test.alg,clojure.core
loom.test.graph,clojure.core
loom.test.graph,loom.compliance-tester
loom.alg,clojure.core
loom.alg,clojure.core
loom.alg,clojure.core
loom.derived,loom.graph
loom.alg-generic,clojure.core
loom.test.alg,loom.graph
loom.test.graph,loom.graph
loom.test.alg,clojure.core
loom.test.graph,clojure.core
loom.alg,loom.graph
loom.alg,clojure.core
loom.test.graph,loom.compliance-tester
loom.test.graph,loom.graph
loom.alg-generic,clojure.core
loom.test.alg,clojure.core
loom.graph,loom.graph
loom.graph,loom.graph
loom.derived,loom.graph
loom.test.flow,loom.graph
loom.alg,loom.graph
loom.alg,clojure.core
loom.test.alg,clojure.core
loom.test.graph,clojure.core
loom.test.alg,clojure.core
loom.alg,loom.alg
loom.alg-generic,clojure.core
loom.test.graph,loom.graph
loom.test.graph,clojure.core
loom.alg-generic,clojure.core
loom.derived,clojure.core
loom.test.alg,clojure.core
loom.test.alg,clojure.data
loom.test.alg,clojure.data
loom.test.graph,clojure.core
loom.alg,loom.graph
loom.test.alg,loom.graph
loom.graph,loom.graph
loom.alg-generic,clojure.core
loom.graph,clojure.core
loom.gen,loom.graph
loom.alg,loom.alg
loom.alg-generic,loom.alg-generic
loom.test.graph,clojure.core
loom.graph,clojure.core
loom.test.alg-generic,clojure.set
loom.derived,loom.graph
loom.test.graph,clojure.test
loom.test.alg,loom.alg
loom.derived,loom.graph
loom.derived,loom.graph
loom.test.alg,loom.graph
loom.test.alg-generic,clojure.test.check.generators
loom.test.alg,clojure.core
loom.test.alg,loom.test.alg
loom.test.alg-generic,loom.test.alg-generic
loom.alg,clojure.core
loom.graph,clojure.core
loom.gen,clojure.core
loom.test.graph,loom.graph
loom.test.alg-generic,clojure.core
loom.graph,loom.graph
loom.test.alg-generic,clojure.core
loom.test.graph,clojure.core
loom.test.graph,loom.graph
loom.alg-generic,clojure.core
loom.test.alg,loom.graph
loom.alg,loom.graph
loom.alg,clojure.core
loom.derived,clojure.core
loom.attr,loom.attr
loom.test.derived,loom.derived
loom.test.alg,loom.test.alg
loom.alg-generic,clojure.core
loom.test.graph,clojure.core
loom.alg,clojure.core
loom.graph,clojure.core
loom.graph,loom.graph
loom.attr,clojure.core
loom.alg,clojure.core
loom.alg,loom.graph
loom.gen,clojure.core
loom.test.derived,clojure.core
loom.test.alg-generic,clojure.core
loom.test.graph,loom.compliance-tester
loom.test.alg-generic,clojure.core
loom.test.alg,loom.test.alg
loom.io,loom.io
loom.dataflow,clojure.core
loom.alg,loom.graph
loom.alg,loom.graph
loom.alg-generic,clojure.core
loom.test.label,loom.label
loom.alg,loom.alg
loom.test.alg,clojure.core
loom.io,loom.io
loom.test.derived,clojure.core
loom.alg,clojure.core
loom.alg,clojure.core
loom.test.alg,clojure.test
loom.alg,loom.alg
loom.alg,clojure.core
loom.test.alg,loom.test.alg
loom.derived,loom.graph
loom.test.alg-generic,clojure.core
loom.test.derived,clojure.core
loom.graph,loom.graph
loom.test.alg,clojure.test
loom.test.alg-generic,clojure.core
loom.test.alg,clojure.core
loom.alg-generic,clojure.core
loom.test.attr,loom.graph
loom.alg,clojure.core
loom.alg-generic,clojure.core
loom.test.alg-generic,clojure.core
loom.alg,clojure.core
loom.test.alg,clojure.core
loom.test.alg,loom.alg
loom.alg-generic,clojure.core
loom.test.alg,loom.graph
loom.alg,loom.graph
loom.alg,loom.graph
loom.test.alg,clojure.core
loom.test.alg,clojure.core
loom.test.alg,clojure.core
loom.alg,clojure.core
loom.test.graph,loom.graph
loom.test.alg,loom.graph
loom.alg,loom.alg-generic
loom.attr,loom.attr
loom.alg,clojure.core
loom.alg,loom.graph
loom.alg,loom.graph
loom.flow,clojure.core
loom.attr,loom.attr
loom.alg-generic,clojure.core
loom.alg-generic,clojure.core
loom.alg,clojure.core
loom.alg-generic,clojure.core
loom.test.graph,clojure.core
loom.test.graph,clojure.core
loom.label,clojure.core
loom.graph,clojure.core
loom.test.graph,clojure.core
loom.test.graph,clojure.core
loom.alg,loom.alg-generic
loom.test.alg,clojure.test
loom.test.alg-generic,clojure.core
loom.alg,loom.graph
loom.test.alg,clojure.data
loom.test.alg,clojure.test
loom.graph,loom.graph
loom.test.graph,clojure.core
loom.attr,loom.attr
loom.label,loom.label
loom.alg,loom.graph
loom.io,clojure.java.shell
loom.test.flow,loom.graph
loom.graph,clojure.core
loom.test.alg,clojure.data
loom.test.alg,loom.test.alg
loom.test.alg,clojure.test
loom.test.alg,clojure.core
loom.alg,loom.alg
loom.test.alg,loom.test.alg
loom.alg-generic,loom.alg-generic
loom.flow,loom.flow
loom.graph,clojure.core
loom.io,loom.io
loom.alg-generic,clojure.core
loom.flow,clojure.core
loom.alg-generic,clojure.core
loom.alg-generic,clojure.core
loom.test.alg,loom.graph
loom.attr,loom.graph
loom.alg,clojure.core
loom.label,loom.attr
loom.alg,loom.graph
loom.gen,clojure.core
loom.alg-generic,clojure.core
loom.test.alg,loom.alg
loom.alg,loom.graph
loom.gen,clojure.core
loom.test.alg,clojure.core
loom.alg,clojure.core
loom.test.graph,clojure.core
loom.test.graph,clojure.core
loom.derived,loom.graph
loom.alg,clojure.core
loom.test.alg,clojure.core
loom.graph,clojure.core
loom.alg-generic,loom.alg-generic
loom.alg,loom.alg
loom.test.alg,loom.test.alg
loom.test.graph,clojure.test
loom.test.alg,loom.test.alg
loom.alg-generic,clojure.core
loom.test.derived,loom.graph
loom.alg,loom.alg
loom.alg,clojure.core
loom.alg,clojure.core
loom.test.alg,clojure.core
loom.test.graph,clojure.core
loom.alg-generic,clojure.core
loom.alg-generic,clojure.core
loom.alg-generic,clojure.core
loom.attr,loom.graph
loom.alg-generic,clojure.core
loom.alg-generic,clojure.core
loom.test.alg,loom.graph
loom.test.alg,loom.test.alg
loom.alg-generic,clojure.core
loom.test.alg,loom.graph
loom.alg-generic,clojure.core
loom.alg-generic,clojure.core
loom.io,clojure.java.io
loom.test.alg,clojure.core
loom.alg,loom.graph
loom.alg,clojure.data.priority-map
loom.alg,clojure.core
loom.test.graph,loom.graph
loom.test.alg,clojure.core
loom.test.graph,clojure.core
loom.test.alg,loom.graph
loom.alg-generic,clojure.core
loom.alg,loom.graph
loom.test.alg,loom.graph
loom.alg,loom.graph
loom.alg,loom.alg
loom.flow,loom.flow
loom.alg,clojure.core
loom.attr,loom.graph
loom.test.derived,loom.alg
loom.test.alg-generic,clojure.core
loom.alg,clojure.core
loom.alg,clojure.core
loom.test.alg,clojure.core
loom.alg,loom.alg
loom.test.graph,clojure.test
loom.alg,loom.alg
loom.test.graph,clojure.core
loom.test.graph,loom.graph
loom.alg-generic,clojure.core
loom.flow,clojure.core
loom.alg-generic,clojure.core
loom.test.alg,loom.graph
loom.alg-generic,clojure.core
loom.alg-generic,clojure.core
loom.test.graph,clojure.core
loom.test.alg,clojure.test
loom.attr,loom.graph
loom.test.alg,loom.test.alg
loom.dataflow,clojure.core
loom.graph,clojure.core
loom.alg-generic,clojure.core
loom.alg-generic,clojure.core
loom.alg,clojure.core
loom.flow,clojure.core
loom.graph,clojure.core
loom.graph,clojure.core
loom.test.flow,clojure.test
loom.test.alg,loom.test.alg
loom.derived,loom.graph
loom.io,clojure.core
loom.test.label,loom.graph
loom.test.graph,clojure.test
loom.derived,clojure.set
loom.gen,clojure.core
loom.alg,clojure.core
loom.derived,clojure.core
loom.test.alg,loom.test.alg
loom.test.alg,clojure.core
loom.alg-generic,clojure.core
loom.graph,clojure.core
loom.alg,clojure.core
loom.test.alg,clojure.test
loom.test.alg-generic,loom.test.alg-generic
loom.test.alg,clojure.test
loom.derived,clojure.core
loom.alg-generic,clojure.core
loom.label,clojure.core
loom.alg,clojure.core
loom.alg-generic,clojure.core
loom.test.alg,loom.test.alg
loom.alg,clojure.core
loom.test.alg,clojure.core
loom.test.alg,loom.graph
loom.alg,loom.graph
loom.alg-generic,loom.alg-generic
loom.test.graph,loom.graph
loom.graph,clojure.core
loom.test.alg-generic,clojure.core
loom.graph,clojure.core
loom.alg-generic,clojure.core
loom.attr,clojure.core
loom.alg,clojure.core
loom.alg,loom.graph
loom.alg,loom.alg
loom.graph,loom.graph
loom.alg,loom.graph
loom.test.graph,loom.graph
loom.alg,clojure.core
loom.alg,loom.graph
loom.test.graph,clojure.core
loom.test.derived,clojure.core
loom.derived,clojure.core
loom.alg,loom.alg
loom.alg,clojure.core
loom.alg-generic,loom.alg-generic
loom.test.alg,clojure.test
loom.alg,clojure.set
loom.test.graph,clojure.core
loom.alg,clojure.core
loom.test.alg,clojure.core
loom.alg,clojure.core
loom.test.graph,clojure.core
loom.test.alg,loom.alg
loom.alg-generic,clojure.core
loom.alg-generic,clojure.core
loom.test.graph,clojure.test
loom.alg-generic,clojure.core
loom.test.alg-generic,clojure.core
loom.alg,clojure.core
loom.test.graph,clojure.test
loom.test.graph,loom.graph
loom.test.derived,clojure.core
loom.test.graph,clojure.core
loom.test.alg,clojure.data
loom.alg,loom.graph
loom.test.label,clojure.core
loom.alg-generic,clojure.core
loom.test.alg,clojure.test
loom.test.alg-generic,clojure.core
loom.graph,loom.graph
loom.alg-generic,clojure.core
loom.test.alg,clojure.core
loom.test.derived,clojure.core
loom.test.alg,clojure.test
loom.test.alg,clojure.core
loom.alg,loom.alg
loom.test.alg,loom.alg
loom.test.alg,clojure.core
loom.test.alg,clojure.core
loom.io,clojure.core
loom.alg,clojure.core
loom.flow,clojure.core
loom.test.alg,clojure.core
loom.test.graph,clojure.core
loom.test.alg,loom.graph
loom.alg-generic,clojure.core
loom.alg-generic,clojure.core
loom.test.alg,clojure.core
loom.test.alg,clojure.core
loom.attr,loom.attr
loom.io,clojure.core
loom.flow,clojure.core
loom.test.alg,clojure.core
loom.graph,clojure.core
loom.alg,loom.alg
loom.test.alg,clojure.core
loom.graph,clojure.core
loom.alg-generic,clojure.core
loom.test.alg-generic,loom.graph
loom.test.alg,loom.alg
loom.test.alg,clojure.core
loom.alg,clojure.core
loom.alg,loom.alg
loom.alg,clojure.core
loom.alg-generic,clojure.core
loom.attr,loom.attr
loom.derived,loom.graph
loom.alg,clojure.core
loom.test.graph,clojure.core
loom.test.alg,clojure.core
loom.test.graph,clojure.core
loom.test.alg-generic,loom.test.alg-generic
loom.alg,clojure.core
loom.test.alg,clojure.core
loom.alg,clojure.core
loom.test.alg,clojure.core
loom.flow,clojure.core
loom.derived,loom.graph
loom.label,clojure.core
loom.alg-generic,clojure.core
loom.test.alg,clojure.core
loom.graph,loom.graph
loom.test.alg,clojure.core
loom.alg,clojure.core
loom.test.alg,clojure.core
loom.graph,clojure.core
loom.test.alg,loom.graph
loom.test.graph,loom.graph
loom.derived,loom.graph
loom.alg-generic,clojure.core
loom.test.label,loom.graph
loom.test.label,loom.label
loom.graph,clojure.core
loom.test.derived,clojure.core
loom.alg-generic,clojure.core
loom.graph,loom.graph
loom.test.alg-generic,clojure.test.check.generators
loom.test.graph,clojure.test
loom.test.alg,clojure.test
loom.test.flow,loom.flow
loom.io,clojure.core
loom.test.flow,clojure.test
loom.test.derived,loom.graph
loom.test.derived,loom.graph
loom.io,loom.io
loom.derived,loom.graph
loom.dataflow,clojure.core
loom.alg-generic,clojure.core
loom.test.alg,clojure.data
loom.graph,clojure.core
loom.flow,clojure.core
loom.gen,clojure.core
loom.io,clojure.core
loom.graph,loom.graph
loom.alg,clojure.core
loom.test.graph,clojure.data
loom.io,clojure.core
loom.flow,clojure.core
loom.graph,loom.graph
loom.alg-generic,clojure.core
loom.alg-generic,clojure.core
loom.test.alg,loom.alg
loom.test.alg-generic,clojure.core
loom.test.graph,clojure.test
loom.graph,loom.graph
loom.graph,clojure.core
loom.test.graph,clojure.core
loom.test.alg,clojure.core
loom.test.alg,loom.alg
loom.test.alg,clojure.core
loom.alg,clojure.core
loom.alg,clojure.core
loom.test.derived,loom.derived
loom.alg-generic,loom.alg-generic
loom.alg-generic,clojure.core
loom.alg-generic,clojure.core
loom.test.alg,clojure.core
loom.test.graph,clojure.core
loom.test.alg,loom.test.alg
loom.test.alg,loom.alg
loom.test.alg,loom.graph
loom.alg,clojure.core
loom.alg-generic,clojure.core
loom.test.graph,loom.graph
loom.dataflow,clojure.core
loom.test.alg,clojure.core
loom.derived,clojure.core
loom.flow,clojure.core
loom.test.alg,loom.test.alg
loom.alg-generic,clojure.core
loom.alg-generic,clojure.core
loom.io,clojure.core
loom.test.alg,loom.alg
loom.test.alg,clojure.test
loom.test.alg,loom.graph
loom.test.graph,loom.graph
loom.label,clojure.core
loom.alg,clojure.core
loom.graph,clojure.core
loom.test.alg,clojure.core
loom.alg-generic,clojure.core
loom.graph,clojure.core
loom.graph,clojure.core
loom.test.alg,loom.test.alg
loom.gen,clojure.core
loom.alg-generic,loom.alg-generic
loom.graph,loom.graph
loom.alg,clojure.core
loom.test.alg,clojure.test
loom.test.derived,loom.derived
loom.test.alg,clojure.core
loom.test.graph,clojure.core
loom.alg-generic,clojure.core
